用户id,昵称,性别,生日,所在地,学习经历,公司,注册时间,阳光信用,微博数,粉丝数,关注数,简介,主页,头像,高清头像,微博等级,会员等级,是否认证,认证类型,认证信息
2755167297,李诗语Asteria,f,,,,,,,406,1030,193,伸手抓星星，即使一无所获，也不至于满手泥土,https://m.weibo.cn/u/2755167297?uid=2755167297&luicode=10000011&lfid=1005052755167297,"https://tvax3.sinaimg.cn/crop.0.0.1080.1080.180/a4388441ly8gqh4lsoaupj20u00u0ab6.jpg?KID=imgbed,tva&Expires=1622299929&ssig=5j6YSQfXer",https://wx3.sinaimg.cn/orj480/a4388441ly8gqh4lsoaupj20u00u0ab6.jpg,39,6,False,-1,
3126874935,我是张钰阿,f,,,,,,,149,1520,250,自爱沉稳而后爱人。,https://m.weibo.cn/u/3126874935?uid=3126874935&luicode=10000011&lfid=1005053126874935,"https://tvax2.sinaimg.cn/crop.0.0.1080.1080.180/ba605337ly8gf2znpbursj20u00u0wh9.jpg?KID=imgbed,tva&Expires=1622300907&ssig=ENfraLmiX%2B",https://wx2.sinaimg.cn/orj480/ba605337ly8gf2znpbursj20u00u0wh9.jpg,26,2,False,220,
2522607607,BlingJing__,f,,,,,,,905,3559,308,Leeds Uni🎓/ ins: blingjing__/170cm,https://m.weibo.cn/u/2522607607?uid=2522607607&luicode=10000011&lfid=1005052522607607,"https://tvax4.sinaimg.cn/crop.0.0.1080.1080.180/965beff7ly8gfhuf15jjvj20u00u00vm.jpg?KID=imgbed,tva&Expires=1622302065&ssig=IHyPSn6yuG",https://wx4.sinaimg.cn/orj480/965beff7ly8gfhuf15jjvj20u00u00vm.jpg,36,0,False,10,
2399358085,翟月_zyyue,f,,,,,,,437,8070,257,学会爱自己,https://m.weibo.cn/u/2399358085?uid=2399358085&luicode=10000011&lfid=1005052399358085,"https://tvax4.sinaimg.cn/crop.0.0.1080.1080.180/8f034c85ly8gm8qnpywhej20u00u0n0k.jpg?KID=imgbed,tva&Expires=1622304353&ssig=RbT%2F7QfPBP",https://wx4.sinaimg.cn/orj480/8f034c85ly8gm8qnpywhej20u00u0n0k.jpg,44,7,True,0,中央芭蕾舞团 演员
2206412281,找我我就报警啦,f,,,,,,,847,4487,457,"No te preocupes, estoy a tu lado.",https://m.weibo.cn/u/2206412281?uid=2206412281&luicode=10000011&lfid=1005052206412281,"https://tvax2.sinaimg.cn/crop.14.0.722.722.180/83832df9ly8fhvrwrh39oj20ku0k20u6.jpg?KID=imgbed,tva&Expires=1622309274&ssig=CExwQazhJs",https://wx2.sinaimg.cn/orj480/83832df9ly8fhvrwrh39oj20ku0k20u6.jpg,29,0,False,-1,
5484717059,-玖一-,f,,,,,,,717,2629,824,慎关 想发什么发什么 只喜欢肖战王一博.,https://m.weibo.cn/u/5484717059?uid=5484717059&luicode=10000011&lfid=1005055484717059,"https://tvax2.sinaimg.cn/crop.0.0.1080.1080.180/005Zbjsnly8gqi0rmoph4j30u00u0425.jpg?KID=imgbed,tva&Expires=1622310306&ssig=LUMUCRHlWu",https://wx2.sinaimg.cn/orj480/005Zbjsnly8gqi0rmoph4j30u00u0425.jpg,4,4,False,-1,
2399358085,翟月_zyyue,f,,,,,,,437,8070,257,学会爱自己,https://m.weibo.cn/u/2399358085?uid=2399358085&luicode=10000011&lfid=1005052399358085,"https://tvax4.sinaimg.cn/crop.0.0.1080.1080.180/8f034c85ly8gm8qnpywhej20u00u0n0k.jpg?KID=imgbed,tva&Expires=1622314189&ssig=8as9LBy0y6",https://wx4.sinaimg.cn/orj480/8f034c85ly8gm8qnpywhej20u00u0n0k.jpg,44,7,True,0,中央芭蕾舞团 演员
3320989592,-大美玲子,f,,,,,,,214,6020,239,霸道小李的小娇妻,https://m.weibo.cn/u/3320989592?uid=3320989592&luicode=10000011&lfid=1005053320989592,"https://tvax3.sinaimg.cn/crop.0.0.512.512.180/c5f24798ly8gngfo4fozwj20e80e8dgg.jpg?KID=imgbed,tva&Expires=1622357093&ssig=WAoYCgK6JN",https://wx3.sinaimg.cn/orj480/c5f24798ly8gngfo4fozwj20e80e8dgg.jpg,42,6,False,-1,
3201952044,-蜜桃少女-,f,,,,,,,368,1361,335,@四口番茄小作精（私信已关,https://m.weibo.cn/u/3201952044?uid=3201952044&luicode=10000011&lfid=1005053201952044,"https://tvax4.sinaimg.cn/crop.0.0.1080.1080.180/bed9e92cly8gr4c9f3z79j20u00u0n1v.jpg?KID=imgbed,tva&Expires=1622742399&ssig=yNXbrUsFVN",https://wx4.sinaimg.cn/orj480/bed9e92cly8gr4c9f3z79j20u00u0n1v.jpg,41,7,False,-1,
6054212716,_小筱晓晗_,f,,,,,,,233,467,462,小甜饼,https://m.weibo.cn/u/6054212716?uid=6054212716&luicode=10000011&lfid=1005056054212716,"https://tvax3.sinaimg.cn/crop.0.0.996.996.180/006BIRicly8gglst5510lj30ro0rogof.jpg?KID=imgbed,tva&Expires=1623161102&ssig=ZkI9gQWVzh",https://wx3.sinaimg.cn/orj480/006BIRicly8gglst5510lj30ro0rogof.jpg,16,1,False,-1,
1783207561,卡ruarua,f,,,,,,,691,19853,295,有点意思,https://m.weibo.cn/u/1783207561?uid=1783207561&luicode=10000011&lfid=1005051783207561,"https://tvax4.sinaimg.cn/crop.0.0.1080.1080.180/6a499689ly8gn1im3o57sj20u00u077m.jpg?KID=imgbed,tva&Expires=1623175429&ssig=EA4eWtr5IA",https://wx4.sinaimg.cn/orj480/6a499689ly8gn1im3o57sj20u00u077m.jpg,48,7,False,-1,
3608466570,Isabella_Zh,f,,,,,,,88,992,142,Master of social science,https://m.weibo.cn/u/3608466570?uid=3608466570&luicode=10000011&lfid=1005053608466570,"https://tvax4.sinaimg.cn/crop.0.0.512.512.180/d714d48aly8gn052cmn0hj20e80e8q3g.jpg?KID=imgbed,tva&Expires=1623178193&ssig=er0FzbLRz8",https://wx4.sinaimg.cn/orj480/d714d48aly8gn052cmn0hj20e80e8q3g.jpg,32,2,False,-1,
3551225793,Tinnnnngg,f,,,,,,,64,256,468,🖤保持对生活的爱和热忱.,https://m.weibo.cn/u/3551225793?uid=3551225793&luicode=10000011&lfid=1005053551225793,"https://tvax4.sinaimg.cn/crop.0.0.1080.1080.180/d3ab67c1ly8gp80k7gb06j20u00u0q4x.jpg?KID=imgbed,tva&Expires=1623178542&ssig=rJni1bAwgj",https://wx4.sinaimg.cn/orj480/d3ab67c1ly8gp80k7gb06j20u00u0q4x.jpg,14,0,False,-1,
5631052730,小邓今天快乐嘛,f,,,,,,,39,57,59,越是索取 越是贫瘠,https://m.weibo.cn/u/5631052730?uid=5631052730&luicode=10000011&lfid=1005055631052730,"https://tvax2.sinaimg.cn/crop.6.0.788.788.180/00695k38ly8gmtfieei8lj30m80lwmyu.jpg?KID=imgbed,tva&Expires=1623431460&ssig=44LnA6171R",https://wx2.sinaimg.cn/orj480/00695k38ly8gmtfieei8lj30m80lwmyu.jpg,4,1,False,-1,
5631052730,小邓今天快乐嘛,f,,,,,,,40,57,59,越是索取 越是贫瘠,https://m.weibo.cn/u/5631052730?uid=5631052730&luicode=10000011&lfid=1005055631052730,"https://tvax2.sinaimg.cn/crop.6.0.788.788.180/00695k38ly8gmtfieei8lj30m80lwmyu.jpg?KID=imgbed,tva&Expires=1623498337&ssig=5mnleJLgQD",https://wx2.sinaimg.cn/orj480/00695k38ly8gmtfieei8lj30m80lwmyu.jpg,4,1,False,-1,
5631052730,小邓今天快乐嘛,f,,,,,,,40,57,59,越是索取 越是贫瘠,https://m.weibo.cn/u/5631052730?uid=5631052730&luicode=10000011&lfid=1005055631052730,"https://tvax2.sinaimg.cn/crop.6.0.788.788.180/00695k38ly8gmtfieei8lj30m80lwmyu.jpg?KID=imgbed,tva&Expires=1623498459&ssig=G08oj44AuN",https://wx2.sinaimg.cn/orj480/00695k38ly8gmtfieei8lj30m80lwmyu.jpg,4,1,False,-1,
3551225793,Tinnnnngg,f,,,,,,,64,282,469,🖤保持对生活的爱和热忱.,https://m.weibo.cn/u/3551225793?uid=3551225793&luicode=10000011&lfid=1005053551225793,"https://tvax4.sinaimg.cn/crop.0.0.1080.1080.180/d3ab67c1ly8gp80k7gb06j20u00u0q4x.jpg?KID=imgbed,tva&Expires=1623498655&ssig=wZxv0DxE%2Bl",https://wx4.sinaimg.cn/orj480/d3ab67c1ly8gp80k7gb06j20u00u0q4x.jpg,14,0,False,-1,
3175341702,螃蟹阿肥肥f,f,,,,,,,732,397,196,小王在路上,https://m.weibo.cn/u/3175341702?uid=3175341702&luicode=10000011&lfid=1005053175341702,"https://tvax3.sinaimg.cn/crop.0.0.996.996.180/bd43de86ly8glhcid4719j20ro0rpgnm.jpg?KID=imgbed,tva&Expires=1623498832&ssig=f%2Bb0AcKUnf",https://wx3.sinaimg.cn/orj480/bd43de86ly8glhcid4719j20ro0rpgnm.jpg,9,0,False,-1,
5627497348,小菲不甜a,f,,,,,,,117,372,187,知足坚定，温柔上进🖤,https://m.weibo.cn/u/5627497348?uid=5627497348&luicode=10000011&lfid=1005055627497348,"https://tvax1.sinaimg.cn/crop.0.0.512.512.180/0068Qp8gly8grcx8px765j30e80e8aao.jpg?KID=imgbed,tva&Expires=1623499938&ssig=YhLv9PWv9I",https://wx1.sinaimg.cn/orj480/0068Qp8gly8grcx8px765j30e80e8aao.jpg,9,2,False,-1,
1800742291,牟牟酱TINA,f,,,,,,,409,1831,906,心若向阳，无畏悲伤🌼,https://m.weibo.cn/u/1800742291?uid=1800742291&luicode=10000011&lfid=1005051800742291,"https://tvax4.sinaimg.cn/crop.0.0.1080.1080.180/6b552593ly8gqsdriz8uvj20u00u0dk9.jpg?KID=imgbed,tva&Expires=1623652881&ssig=B1%2BQ5gwOsb",https://wx4.sinaimg.cn/orj480/6b552593ly8gqsdriz8uvj20u00u0dk9.jpg,33,0,False,-1,
